<?xml version="1.0" encoding="UTF-8" standalone="yes"?>
<addon id="plugin.video.kuchentv"
	name="KuchenTV Browser"
	version="1.0.2"
	provider-name="blueIbird">
  <requires>
    <import addon="xbmc.python" version="2.14.0"/>
    <import addon="script.module.addon.common" version="2.0.0"/>
    <import addon="plugin.video.youtube" version="6.8.10"/>
  </requires>
  <extension point="xbmc.python.pluginsource" library="streams.py">
    <provides>video</provides>
  </extension>
  <extension point="xbmc.addon.metadata">
    <description>Browser für Videos und Reactions von KuchenTV
YouTube: https://www.youtube.com/user/KuchenTV
Twitch: https://www.twitch.tv/kuchentv
</description>
    <platform>all</platform>
    <source></source>
    <website>https://www.youtube.com/user/KuchenTV</website>
    <assets>
        <icon>icon.png</icon>
        <fanart></fanart>
        <screenshot></screenshot>      
    </assets>
  </extension>
</addon>
