<?xml version="1.0" encoding="UTF-8" standalone="yes"?>
<addon id="plugin.audio.bob.leia" name="Radio Bob (Leia)" version="1.0.1" provider-name="blueIbird">
    <requires>
        <import addon="xbmc.python" version="2.26.0" />
        <import addon="script.module.requests" version="2.4.3"/>
    </requires>
    <extension point="xbmc.python.pluginsource" library="addon.py">
        <provides>audio</provides>
    </extension>
    <extension point="xbmc.addon.metadata">
        <description>[B]Radio Bob addon for Kodi Mediacenter[/B]</description>
        <disclaimer>Addon only for Kodi 18 Leia</disclaimer>
        <news>[B]•Update json url[/B]</news>
        <platform>all</platform>
        <assets>
            <icon>icon.png</icon>
            <fanart>fanart.jpg</fanart>
        </assets>
    </extension>
</addon>