<?xml version="1.0" encoding="UTF-8" standalone="yes"?>
<addon id="plugin.audio.bob.matrix" name="Radio Bob (Matrix)" version="1.0.0" provider-name="blueIbird">
    <requires>
        <import addon="xbmc.python" version="3.0.0" />
        <import addon="script.module.requests" version="2.4.3"/>
    </requires>
    <extension point="xbmc.python.pluginsource" library="addon.py">
        <provides>audio</provides>
    </extension>
    <extension point="xbmc.addon.metadata">
        <platform>all</platform>
       <description>[B]Radio Bob addon for Kodi Mediacenter[/B]</description>
       <disclaimer>Addon only for Kodi 19 Matrix</disclaimer>
        <assets>
            <icon>icon.png</icon>
            <fanart>fanart.jpg</fanart>
        </assets>
    </extension>
</addon>
