<?xml version="1.0" encoding="UTF-8" standalone="yes"?>
<addon id="plugin.video.kuchentv"
	name="KuchenTV"
	version="0.0.1"
	provider-name="crowleyi">
  <requires>
    <import addon="xbmc.python" version="2.14.0"/>
    <import addon="script.module.addon.common" version="2.0.0"/>
    <import addon="plugin.video.youtube" version="6.8.10"/>
  </requires>
  <extension point="xbmc.python.pluginsource" library="playlists.py">
    <provides>video</provides>
  </extension>
  <extension point="xbmc.addon.metadata">
    <description>[COLOR red]Für die nutzung wird eine persönliche YouTube API benötigt, die im YouTube Addon eingetragen werden muss. Anleitung auf https://www.kodi-tipps.de/youtube-api-schluessel-einrichten/[/COLOR]</description>
    <platform>all</platform>
    <disclaimer>Dieses Addon ist nicht kompatibel mit Kodi 19 und höher</disclaimer>
    <website>https://www.youtube.com/user/KuchenTV</website>
    <assets>
        <icon>icon.png</icon>    
    </assets>
  </extension>
</addon>
